{"ontop": -0.323944091796875, "bridge": -0.3080902099609375, "fcc": -0.2814178466796875, "hcp": -0.3221893310546875}