{"mean": -1022.342470344078, "std": 1.4735498321915338e-13}