{"mean": -74.71694129943847, "std": 1.9466172519184985e-06}