{"adjusted_energy_max": 0.18110819667344913, "adjusted_energy_min": -0.3233705224120058, "adjusted_energy_per_atom_max": 0.002321899957351912, "adjusted_energy_per_atom_min": -0.0041457759283590485, "fmax_max": 0.7434626542566156, "fmax_min": 0.060322343098988984, "fnorm_max": 0.960048123235443, "fnorm_min": 0.49832200305255636}