{"energy": 320182.9200395607, "energy_per_atom": 3680.2634487305827, "fmax": 0.31901197091970723, "fnorm": 0.7136256816812171}