{"ontop": -0.07289505004882812, "bridge": -0.11546707153320312, "fcc": -0.10208511352539062, "hcp": -0.12790298461914062}