{"mean": -1022.7523986816407, "std": 5.82238282114835e-05}