{"mean": -74.8371817779541, "std": 0.005176948143104401}