{"mean": -78.6206829071045, "std": 3.7009445022453794e-06}