{"adjusted_energy_max": 0.2780610170448199, "adjusted_energy_min": -0.1183524327352643, "adjusted_energy_per_atom_max": 0.0035648848339079474, "adjusted_energy_per_atom_min": -0.0015173388812213372, "fmax_max": 0.2654430772295836, "fmax_min": -0.02672624939028362, "fnorm_max": 0.31903303839423036, "fnorm_min": 0.05116395334443857}