{"energy": 320190.2248084302, "energy_per_atom": 3680.3474115911517, "fmax": 0.09226817027228848, "fnorm": 0.20887350079139183}