{"mean": -1022.3424703440782, "std": 1.1368683772161603e-13}