{"adjusted_energy_max": 0.20476542063988745, "adjusted_energy_min": -0.24152881721965969, "adjusted_energy_per_atom_max": 0.0026251977005113778, "adjusted_energy_per_atom_min": -0.0030965232976879445, "fmax_max": 0.8480556679449998, "fmax_min": 0.09269013724584269, "fnorm_max": 1.0944513488136476, "fnorm_min": 0.5817434254715295}