{"energy": 320188.7667452371, "energy_per_atom": 3680.330652244105, "fmax": 0.4667540294088362, "fnorm": 0.781137196400227}