{"mean": -1024.9119905122116, "std": 2.2737367544323206e-13}