{"mean": -74.72491050720215, "std": 3.8078246195885564e-06}