{"mean": -1024.9119905122116, "std": 3.507750220829055e-13}