{"mean": -1022.342470344078, "std": 1.1814682745140618e-13}