{"adjusted_energy_max": 0.23406018689274788, "adjusted_energy_min": -0.32624586910242215, "adjusted_energy_per_atom_max": 0.003000771626830101, "adjusted_energy_per_atom_min": -0.00418263934746695, "fmax_max": 0.742510015816858, "fmax_min": 0.0852930199256437, "fnorm_max": 0.9947592648401438, "fnorm_min": 0.3919287419807371}