{"energy": 320190.06737282075, "energy_per_atom": 3680.345601986445, "fmax": 0.4927390205927355, "fnorm": 0.6980420536610117}