{"mean": -1022.7523791503907, "std": 6.1022947997802674e-05}