{"mean": -74.72490989685059, "std": 3.721236693804076e-06}