{"adjusted_energy_max": 0.3276769636431709, "adjusted_energy_min": -0.39154026872711256, "adjusted_energy_per_atom_max": 0.004200986713373986, "adjusted_energy_per_atom_min": -0.005019747034962982, "fmax_max": 0.8193992905537496, "fmax_min": 0.12553488890605477, "fnorm_max": 1.3194734410395643, "fnorm_min": 0.2396366513864412}