{"energy": 320190.2624545158, "energy_per_atom": 3680.3478443047793, "fmax": 0.3681079720814998, "fnorm": 0.5085538005285896}