{"adjusted_eform_max": 2.7544038003886726, "adjusted_eform_min": -4.166218485620789, "adjusted_eform_per_atom_max": 0.015829906898785474, "adjusted_eform_per_atom_min": -0.025717398059387584}