{"eform": 161.42578914850657, "eform_per_atom": 0.27641402251456604}