{"mean": -1024.9119905122116, "std": 4.0418828654381237e-13}