{"adjusted_energy_max": -2.4812625047213714, "adjusted_energy_min": -13.853767798939998, "adjusted_energy_per_atom_max": -0.014260129337479147, "adjusted_energy_per_atom_min": -0.08551708517864197, "fmax_max": 2.6406897511965637, "fmax_min": -2.3779874006801514, "fnorm_max": 4.757869045749923, "fnorm_min": -12.089724674065256}