{"energy": 5.258196623940023, "energy_per_atom": 0.009003761342363054, "fmax": 0.6029076107980748, "fnorm": 1.6082096507916002}