{"adjusted_energy_max": 1.5782741565778906, "adjusted_energy_min": -7.397905129431251, "adjusted_energy_per_atom_max": 0.009070541129757992, "adjusted_energy_per_atom_min": -0.04566608104587192, "fmax_max": 1.736037361331252, "fmax_min": -1.7934955128341397, "fnorm_max": 3.223222391069342, "fnorm_min": -11.780515496278202}