{"energy": 1.9540269123172542, "energy_per_atom": 0.0033459364936939285, "fmax": 0.4032992026113392, "fnorm": 1.314076485644238}