{"mean": -74.80253601074219, "std": 1.199053440359421e-05}