{"adjusted_energy_max": -5.5974628454134745, "adjusted_energy_min": -19.141242676789943, "adjusted_energy_per_atom_max": -0.03216932669777859, "adjusted_energy_per_atom_min": -0.11815581899253051, "fmax_max": 1.9478318459198043, "fmax_min": -2.362846474318762, "fnorm_max": 3.6889865767087544, "fnorm_min": -12.497158078307862}