{"energy": 7.5227097033232715, "energy_per_atom": 0.01288135223171793, "fmax": 0.4359704166018976, "fnorm": 1.3386543403173208}