{"adjusted_eform_max": 15.294856241267325, "adjusted_eform_min": -10.781789440434864, "adjusted_eform_per_atom_max": 0.08790147265096164, "adjusted_eform_per_atom_min": -0.06655425580515348}