{"eform": 221.3439089165356, "eform_per_atom": 0.3790135426653007}