{"adjusted_eform_max": 16.317661714463952, "adjusted_eform_min": -12.142584079232279, "adjusted_eform_per_atom_max": 0.09377966502565489, "adjusted_eform_per_atom_min": -0.07495422271131036}