{"eform": 177.37509522227364, "eform_per_atom": 0.3037244781203316}