{"mean": -74.83633018493653, "std": 7.051686383371495e-05}