{"mean": -78.6206841468811, "std": 3.6626557101576842e-06}