{"mean": -74.80253601074219, "std": 1.0976787052641157e-05}