{"ontop": 0.07329177856445312, "bridge": 0.11198806762695312, "fcc": 0.009922027587890625, "hcp": 0.07973098754882812}