{"ontop": -0.230621337890625, "bridge": -0.2265167236328125, "fcc": -0.1981048583984375, "hcp": -0.22998046875}